"Country, Others",State,Continent,Total Cases,New Cases,Total Deaths,New Deaths,Total Recovered,New Recovered,Active Cases,"Serious, Critical",Total Cases / 1M Polulation,Deaths / 1M Population,Total Tests,Tests / 1M Population,Population,1 Case ever X People,1 Death ever X People,1 Test ever X People
Diamond Princess,,,712,,13 ,,651,,48,4,,,,, ,,,
MS Zaandam,,,9,,2 ,,,,7,,,,,, ,,,
India,,Asia,"328,214","+6,588","9,365 ",+166,"166,980","+4,654","151,869","8,944",238,7,"5,658,614","4,102","1,379,344,820","4,203","147,287",244
Peru,,South America,"225,132",,"6,498 ",,"111,724",,"106,910","1,113","6,833",197,"1,338,477","40,623","32,948,535",146,"5,071",25
USA,New York,USA,"403,809",,"30,874",,,,"287,178",,"20,758","1,587","2,872,355","147,652",,,,
USA,New Jersey,USA,"169,237",,"12,696",,,,"124,578",,"19,054","1,429","1,078,215","121,391",,,,
USA,California,USA,"150,267",,"5,062",,,,"104,932",,"3,803",128,"2,724,393","68,951",,,,
USA,Illinois,USA,"131,871",,"6,289",,,,"42,029",,"10,407",496,"1,169,806","92,316",,,,
USA,Massachusetts,USA,"105,395",,"7,576",,,,"13,198",,"15,291","1,099","756,319","109,731",,,,
USA,Texas,USA,"87,903",,"1,989",,,,"29,379",,"3,032",69,"1,442,950","49,764",,,,
USA,Pennsylvania,USA,"83,163",+172,"6,283",+4,,,"20,808",,"6,496",491,"589,532","46,050",,,,
USA,Florida,USA,"75,568","+1,972","2,931",+3,,,"58,850",,"3,518",136,"1,409,992","65,649",,,,
USA,Michigan,USA,"65,836",,"6,013",,,,"14,859",,"6,592",602,"941,324","94,256",,,,
USA,Maryland,USA,"61,701",+396,"2,939",+13,,,"54,226",,"10,206",486,"483,826","80,028",,,,
USA,Georgia,USA,"56,801",,"2,446",,,,"52,909",,"5,350",230,"713,085","67,162",,,,
USA,Virginia,USA,"54,506",+637,"1,546",+5,,,"45,829",,"6,386",181,"519,782","60,896",,,,
USA,Louisiana,USA,"46,283",,"3,009",,,,"9,370",,"9,956",647,"504,383","108,498",,,,
UK,,Europe,"295,889","+1,514","41,698 ",+36,N/A,N/A,N/A,392,"4,360",614,"6,772,602","99,789","67,869,522",229,"1,628",10
USA,Connecticut,USA,"44,994",,"4,186",,,,"32,212",,"12,620","1,174","344,254","96,557",,,,
USA,North Carolina,USA,"44,119","+1,275","1,127",,,,"19,339",,"4,207",107,"611,690","58,322",,,,
USA,Ohio,USA,"40,865",+17,"2,554",,,,"29,758",,"3,496",218,"538,898","46,103",,,,
USA,Indiana,USA,"39,909",+366,"2,422",+9,,,"9,254",,"5,928",360,"340,637","50,598",,,,
USA,Arizona,USA,"35,691","+1,233","1,186",+3,,,"34,331",,"4,903",163,"469,426","64,493",,,,
USA,Minnesota,USA,"30,471",+299,"1,329",+15,,,"3,052",,"5,403",236,"417,710","74,067",,,,
USA,Tennessee,USA,"29,541",,472,,,,"9,338",,"4,326",69,"601,161","88,028",,,,
USA,Colorado,USA,"29,017",,"1,598",,,,"24,890",,"5,039",277,"242,034","42,029",,,,
USA,Washington,USA,"26,324",,"1,217",,,,"16,536",,"3,457",160,"450,156","59,115",,,,
USA,Alabama,USA,"25,615","+1,014",773,,,,"11,334",,"5,224",158,"297,075","60,588",,,,
USA,Iowa,USA,"23,904",+187,651,+1,,,"8,954",,"7,576",206,"219,608","69,605",,,,
USA,Wisconsin,USA,"22,518",,691,,,,"5,596",,"3,867",119,"410,917","70,575",,,,
USA,Mississippi,USA,"19,348",,889,,,,"5,103",,"6,501",299,"223,195","74,995",,,,
USA,South Carolina,USA,"17,955",,599,,,,"8,674",,"3,487",116,"278,883","54,166",,,,
USA,Nebraska,USA,"16,633",,216,,,,"6,538",,"8,598",112,"136,277","70,449",,,,
USA,Missouri,USA,"16,193",,890,,,,"11,658",,"2,638",145,"303,384","49,432",,,,
USA,Rhode Island,USA,"15,947",,833,,,,"13,679",,"15,053",786,"191,518","180,786",,,,
USA,Utah,USA,"13,981",,139,,,,"5,728",,"4,361",43,"262,782","81,967",,,,
USA,Kentucky,USA,"12,445",,499,,,,"8,537",,"2,786",112,"322,900","72,275",,,,
USA,Arkansas,USA,"12,095",,177,,,,"4,055",,"4,008",59,"193,794","64,217",,,,
USA,Nevada,USA,"11,173",+227,464,+1,,,"2,681",,"3,627",151,"235,500","76,457",,,,
USA,Kansas,USA,"11,124",,245,,,,"4,752",,"3,818",84,"129,152","44,332",,,,
USA,Delaware,USA,"10,229",,419,,,,"3,694",,"10,505",430,"80,099","82,257",,,,
USA,District Of Columbia,USA,"9,767",+58,515,+4,,,"8,109",,"13,839",730,"63,036","89,318",,,,
USA,New Mexico,USA,"9,621",,431,,,,"5,118",,"4,588",206,"258,994","123,517",,,,
USA,Oklahoma,USA,"8,231",+158,359,,,,"1,294",,"2,080",91,"252,624","63,843",,,,
Iran,,Asia,"187,427","+2,472","8,837 ",+107,"148,674","+1,926","29,916","2,781","2,233",105,"1,244,074","14,821","83,939,011",448,"9,499",67
USA,South Dakota,USA,"5,833",,75,,,,930,,"6,594",85,"64,513","72,924",,,,
USA,Oregon,USA,"5,535",,174,,,,"2,965",,"1,312",41,"166,189","39,402",,,,
USA,New Hampshire,USA,"5,299",,318,,,,"1,076",,"3,897",234,"112,052","82,409",,,,
USA,Idaho,USA,"3,399",,87,,,,475,,"1,902",49,"62,658","35,062",,,,
USA,North Dakota,USA,"3,080",+22,74,,,,348,,"4,042",97,"86,880","114,006",,,,
USA,Maine,USA,"2,793",+36,100,,,,541,,"2,078",74,"74,684","55,560",,,,
USA,West Virginia,USA,"2,289",+15,88,,,,630,,"1,277",49,"129,724","72,385",,,,
USA,Vermont,USA,"1,127",+2,55,,,,165,,"1,806",88,"49,933","80,022",,,,
USA,Wyoming,USA,"1,060",+10,18,,,,228,,"1,832",31,"33,055","57,114",,,,
USA,Hawaii,USA,723,,17,,,,78,,511,12,"69,512","49,095",,,,
USA,Alaska,USA,654,,12,,,,239,,894,16,"71,803","98,153",,,,
USA,Montana,USA,601,+13,19,+1,,,72,,562,18,"58,907","55,116",,,,
Germany,,Europe,"187,580",+157,"8,867 ",,"172,200",+300,"6,513",447,"2,239",106,"4,694,147","56,035","83,771,837",447,"9,448",18
Spain,,Europe,"290,685",,"27,136 ",,N/A,N/A,N/A,617,"6,217",580,"4,465,338","95,507","46,753,986",161,"1,723",10
Italy,,Europe,"236,989",+338,"34,345 ",+44,"176,370","+1,505","26,274",209,"3,919",568,"4,620,718","76,419","60,465,633",255,"1,761",13
Brazil,,South America,"852,785","+1,989","42,837 ",+46,"437,512","+9,902","372,436","8,318","4,013",202,"1,499,041","7,055","212,488,104",249,"4,960",142
Bangladesh,,Asia,"87,520","+3,141","1,171 ",+32,"18,730",+902,"67,619",1,532,7,"504,465","3,065","164,609,508","1,881","140,572",326
Canada,,North America,"98,607",+197,"8,119 ",+12,"59,777",+423,"30,711","1,937","2,614",215,"2,113,924","56,033","37,726,251",383,"4,647",18
Russia,,Europe,"528,964","+8,835","6,948 ",+119,"280,050","+5,409","241,966","2,300","3,625",48,"14,880,172","101,967","145,931,723",276,"21,003",10
Qatar,,Asia,"79,602","+1,186",73 ,+3,"56,898","+1,646","22,631",231,"28,350",26,"290,714","103,538","2,807,805 ",35,"38,463",10
China,,Asia,"83,132",+57,"4,634 ",,"78,369",+2,129,,58,3,,,"1,439,323,776 ","17,314","310,601",
Saint Pierre Miquelon,,North America,1,, ,,1,,0,,173,,,,"5,795","5,795",,
Lesotho,,Africa,4,, ,,2,,2,,2,,"1,515",707,"2,141,440","535,360",,"1,413"
St. Barth,,North America,6,, ,,6,,0,,608,,152,"15,391","9,876","1,646",,65
Papua New Guinea,,Australia/Oceania,8,, ,,8,,0,,0.9,,"5,281",591,"8,937,965","1,117,246",,"1,692"
South Africa,,Africa,"65,736",,"1,423 ",,"36,850",,"27,463",208,"1,109",24,"1,087,887","18,354","59,271,249",902,"41,652",54
Caribbean Netherlands,,North America,7,, ,,7,,0,,267,,424,"16,176","26,211","3,744",,62
Saudi Arabia,,Asia,"127,541","+4,233",972 ,+40,"84,720","+2,172","41,849","1,855","3,666",28,"1,106,398","31,806","34,785,871",273,"35,788",31
Pakistan,,Asia,"139,230","+6,825","2,632 ",+81,"51,735","+1,679","84,863",111,631,12,"868,565","3,936","220,661,983","1,585","83,838",254
Anguilla,,North America,3,, ,,3,,0,,200,,93,"6,201","14,997","4,999",,161
Western Sahara,,Africa,9,,1 ,,8,+2,0,,15,2,,,"596,509","66,279","596,509",
Seychelles,,Africa,11,, ,,11,,0,,112,,,,"98,319","8,938",,
Montserrat,,North America,11,,1 ,,10,,0,,"2,204",200,61,"12,220","4,992",454,"4,992",82
Fiji,,Australia/Oceania,18,, ,,18,,0,,20,,"2,431","2,713","896,138","49,785",,369
British Virgin Islands,,North America,8,,1 ,,7,,0,,265,33,212,"7,015","30,222","3,778","30,222",143
Vatican City,,Europe,12,, ,,12,,0,,"14,981",,,,801,67,,
Laos,,Asia,19,, ,,19,,0,,3,,"10,146","1,396","7,270,167","382,640",,717
Greenland,,North America,13,, ,,13,,0,,229,,"2,511","44,234","56,766","4,367",,23
Saint Kitts and Nevis,,North America,15,, ,,15,,0,,282,,417,"7,841","53,181","3,545",,128
Turks and Caicos,,North America,12,,1 ,,11,,0,,310,26,245,"6,332","38,691","3,224","38,691",158
Falkland Islands,,South America,13,, ,,13,,0,,"3,742",,671,"193,149","3,474",267,,5
Dominica,,North America,18,, ,,16,,2,,250,,534,"7,419","71,978","3,999",,135
New Caledonia,,Australia/Oceania,21,, ,,20,,1,,74,,"7,582","26,569","285,365","13,589",,38
Grenada,,North America,23,, ,,22,,1,1,204,,"4,130","36,711","112,499","4,891",,27
Timor-Leste,,Asia,24,, ,,24,,0,,18,,"1,568","1,190","1,317,101","54,879",,840
Antigua and Barbuda,,North America,26,,3 ,,20,,3,1,266,31,489,"4,995","97,890","3,765","32,630",200
Saint Lucia,,North America,19,, ,,18,,1,,103,,"1,264","6,885","183,588","9,663",,145
St. Vincent Grenadines,,North America,27,, ,,25,,2,,243,,643,"5,797","110,924","4,108",,173
Gambia,,Africa,28,,1 ,,24,,3,,12,0.4,"1,970",817,"2,412,698","86,168","2,412,698","1,225"
Macao,,Asia,45,, ,,45,,0,,69,,,,"648,887","14,420",,
Namibia,,Africa,32,, ,,17,,15,1,13,,"5,682","2,238","2,538,466","79,327",,447
Belize,,North America,20,,2 ,,16,,2,,50,5,"1,776","4,471","397,245","19,862","198,623",224
French Polynesia,,Australia/Oceania,60,, ,,60,,0,,214,,"4,262","15,176","280,832","4,681",,66
Saint Martin,,North America,42,,3 ,,36,,3,1,"1,087",78,685,"17,732","38,631",920,"12,877",56
Botswana,,Africa,60,,1 ,,24,,35,1,26,0.4,"26,800","11,409","2,349,057","39,151","2,349,057",88
Curaçao,,North America,22,,1 ,,15,,6,,134,6,"1,080","6,583","164,062","7,457","164,062",152
Eritrea,,Africa,65,, ,,39,,26,,18,,,,"3,543,931","54,522",,
Bhutan,,Asia,66,+4, ,,21,+1,45,,86,,"20,731","26,882","771,190","11,685",,37
Liechtenstein,,Europe,82,,1 ,,55,,26,,"2,151",26,900,"23,608","38,123",465,"38,123",42
Sint Maarten,,North America,77,,15 ,,61,,1,1,"1,797",350,471,"10,991","42,852",557,"2,857",91
Monaco,,Europe,99,,4 ,,93,,2,,"2,524",102,"16,200","412,960","39,229",396,"9,807",2
Barbados,,North America,96,,7 ,,83,,6,1,334,24,"6,449","22,442","287,359","2,993","41,051",45
Burundi,,Africa,85,,1 ,,45,,39,,7,0.08,382,32,"11,869,738","139,644","11,869,738","31,073"
Aruba,,North America,101,,3 ,,98,,0,,946,28,"2,220","20,797","106,745","1,057","35,582",48
Bahamas,,North America,103,,11 ,,68,,24,1,262,28,"2,261","5,752","393,062","3,816","35,733",174
Cambodia,,Asia,128,+2, ,,125,,3,1,8,,"27,274","1,632","16,707,229","130,525",,613
Angola,,Africa,138,,6 ,,61,,71,1,4,0.2,"10,000",305,"32,804,751","237,716","5,467,459","3,280"
Trinidad and Tobago,,North America,117,,8 ,,109,,0,,84,6,"3,876","2,770","1,399,283","11,960","174,910",361
Bermuda,,North America,142,,9 ,,127,,6,2,"2,280",144,"8,430","135,339","62,288",439,"6,921",7
Gibraltar,,Europe,176,, ,,173,,3,,"5,224",,"10,104","299,902","33,691",191,,3
Guyana,,South America,159,,12 ,,95,,52,1,202,15,"1,927","2,450","786,377","4,946","65,531",408
Guadeloupe,,North America,171,,14 ,,157,,0,,427,35,"5,691","14,223","400,121","2,340","28,580",70
Comoros,,Africa,176,,2 ,,114,,60,,203,2,,,"868,587","4,935","434,294",
Faeroe Islands,,Europe,187,, ,,187,,0,,"3,828",,"11,002","225,197","48,855",261,,4
Syria,,Asia,177,+7,6 ,,74,+3,97,,10,0.3,,,"17,476,694","98,738","2,912,782",
Cayman Islands,,North America,187,,1 ,,115,,71,,"2,847",15,"17,227","262,271","65,684",351,"65,684",4
Suriname,,South America,196,,3 ,,9,,184,2,334,5,"1,165","1,987","586,379","2,992","195,460",503
Martinique,,North America,202,,14 ,,98,,90,,538,37,,,"375,278","1,858","26,806",
Brunei ,,Asia,141,,2 ,,138,,1,1,322,5,"24,131","55,185","437,276","3,101","218,638",18
Myanmar,,Asia,261,,6 ,,167,,88,,5,0.1,"49,729",914,"54,392,661","208,401","9,065,444","1,094"
Montenegro,,Europe,324,,9 ,,315,,0,,516,14,"13,186","20,995","628,063","1,938","69,785",48
Isle of Man,,Europe,336,,24 ,,312,,0,,"3,952",282,"5,484","64,509","85,012",253,"3,542",16
Mauritius,,Africa,337,,10 ,,325,,2,,265,8,"137,789","108,352","1,271,674","3,774","127,167",9
Zimbabwe,,Africa,356,,4 ,,54,,298,,24,0.3,"52,905","3,562","14,851,867","41,719","3,712,967",281
Benin,,Africa,412,,6 ,,222,,184,2,34,0.5,"45,758","3,780","12,104,967","29,381","2,017,495",265
Liberia,,Africa,458,+12,32 ,,219,+5,207,,91,6,,,"5,051,032","11,028","157,845",
Libya,,Africa,418,,8 ,,62,,348,,61,1,"12,867","1,874","6,866,565","16,427","858,321",534
Mongolia,,Asia,197,, ,,98,+3,99,11,60,,"17,899","5,464","3,275,549","16,627",,183
Vietnam,,Asia,334,, ,,323,,11,1,3,,"275,000","2,826","97,296,384","291,307",,354
Eswatini,,Africa,486,,3 ,,247,,236,5,419,3,"6,551","5,649","1,159,577","2,386","386,526",177
Réunion,,Africa,495,+6,1 ,,460,,34,2,553,1,"17,200","19,218","895,010","1,808","895,010",52
Togo,,Africa,530,,13 ,,291,,226,1,64,2,"25,401","3,072","8,267,878","15,600","635,991",325
Malawi,,Africa,529,,5 ,,66,,458,4,28,0.3,"6,690",350,"19,101,665","36,109","3,820,333","2,855"
Channel Islands,,Europe,565,,48 ,,512,,5,,"3,251",276,"10,255","59,009","173,786",308,"3,621",17
Malta,,Europe,649,+3,9 ,,603,+2,37,1,"1,470",20,"82,263","186,330","441,490",680,"49,054",5
Taiwan,,Asia,443,,7 ,,431,,5,,19,0.3,"73,751","3,097","23,814,858","53,758","3,402,123",323
Rwanda,,Africa,541,,2 ,,332,,207,,42,0.2,"87,656","6,777","12,934,032","23,908","6,467,016",148
Mozambique,,Africa,583,+30,3 ,+1,151,,429,,19,0.10,"18,620",597,"31,204,265","53,524","10,401,422","1,676"
Jamaica,,North America,615,+1,10 ,,420,+3,185,2,208,3,"16,347","5,522","2,960,575","4,814","296,058",181
Palestine,,Asia,489,,3 ,,415,,71,,96,0.6,"44,876","8,808","5,094,798","10,419","1,698,266",114
Tanzania,,Africa,509,,21 ,,183,,305,7,9,0.4,,,"59,634,349","117,160","2,839,731",
Uganda,,Africa,696,+2, ,,240,+21,456,,15,,"145,768","3,193","45,653,693","65,594",,313
Sao Tome and Principe,,Africa,659,,12 ,,176,,471,,"3,010",55,"1,453","6,636","218,942",332,"18,245",151
San Marino,,Europe,694,,42 ,,520,,132,1,"20,455","1,238","5,238","154,386","33,928",49,808,6
Yemen,,Asia,728,+23,164 ,+4,53,+14,511,,24,6,120,4,"29,789,754","40,920","181,645","248,248"
Congo,,Africa,728,,24 ,,221,,483,,132,4,,,"5,510,407","7,569","229,600",
Cabo Verde,,Africa,750,+24,6 ,,301,+7,443,,"1,350",11,"1,307","2,352","555,690",741,"92,615",425
Uruguay,,South America,847,,23 ,,784,,40,3,244,7,"52,862","15,220","3,473,184","4,101","151,008",66
Chad,,Africa,850,+2,73 ,+1,720,+2,57,,52,4,,,"16,398,142","19,292","224,632",
Andorra,,Europe,853,,51 ,,781,,21,8,"11,041",660,"3,750","48,537","77,260",91,"1,515",21
Burkina Faso,,Africa,894,+2,53 ,,799,,42,,43,3,,,"20,869,969","23,344","393,773",
Cyprus,,Asia,980,,18 ,,807,,155,4,812,15,"140,126","116,100","1,206,943","1,232","67,052",9
Niger,,Africa,980,,66 ,,881,,33,,41,3,"6,275",260,"24,151,361","24,644","365,930","3,849"
Hong Kong,,Asia,"1,110",,4 ,,"1,067",+6,39,3,148,0.5,"241,992","32,291","7,494,079","6,751","1,873,520",31
Tunisia,,Africa,"1,096",+2,49 ,,998,+3,49,,93,4,"59,887","5,070","11,812,566","10,778","241,073",197
Georgia,,Asia,864,+13,14 ,,703,+1,147,6,217,4,"75,918","19,029","3,989,493","4,617","284,964",53
Latvia,,Europe,"1,097",,28 ,,845,,224,1,581,15,"127,450","67,541","1,886,992","1,720","67,393",15
Jordan,,Asia,961,+8,9 ,,682,+4,270,3,94,0.9,"275,480","27,013","10,198,205","10,612","1,133,134",37
Madagascar,,Africa,"1,272",+20,10 ,,367,+5,895,9,46,0.4,"15,756",570,"27,650,334","21,738","2,765,033","1,755"
Sierra Leone,,Africa,"1,169",+37,51 ,,680,+10,438,,147,6,,,"7,968,190","6,816","156,239",
Paraguay,,South America,"1,261",,11 ,,647,,603,2,177,2,"46,608","6,539","7,128,166","5,653","648,015",153
French Guiana,,South America,"1,255",+94,3 ,+1,534,+14,718,6,"4,208",10,277,929,"298,239",238,"99,413","1,077"
Equatorial Guinea,,Africa,"1,306",,12 ,,200,,"1,094",,933,9,"8,268","5,905","1,400,166","1,072","116,681",169
Zambia,,Africa,"1,357",,10 ,,"1,114",+10,233,1,74,0.5,"44,126","2,404","18,353,872","13,525","1,835,387",416
Lebanon,,Asia,"1,446",+4,32 ,,868,,546,10,212,5,"106,149","15,549","6,826,708","4,721","213,335",64
Nicaragua,,North America,"1,464",,55 ,,953,,456,,221,8,,,"6,620,637","4,522","120,375",
Guinea-Bissau,,Africa,"1,460",,15 ,,153,,"1,292",5,743,8,"1,500",763,"1,965,396","1,346","131,026","1,310"
Slovenia,,Europe,"1,495",+3,109 ,,"1,359",,27,,719,52,"88,754","42,692","2,078,926","1,391","19,073",23
Slovakia,,Europe,"1,548",+3,28 ,,"1,410",,110,,284,5,"196,723","36,033","5,459,526","3,527","194,983",28
New Zealand,,Australia/Oceania,"1,504",,22 ,,"1,482",,0,,301,4,"310,297","62,033","5,002,100 ","3,326","227,368",16
Albania,,Europe,"1,521",+57,36 ,,"1,044",+5,441,7,529,13,"18,250","6,341","2,877,932","1,892","79,943",158
Mauritania,,Africa,"1,682",,83 ,,311,,"1,288",25,362,18,"7,654","1,649","4,642,634","2,760","55,935",607
Costa Rica,,North America,"1,662",,12 ,,743,,907,3,326,2,"31,763","6,238","5,091,874","3,064","424,323",160
Sri Lanka,,Asia,"1,889",+5,11 ,,"1,287",+35,591,1,88,0.5,"85,967","4,015","21,409,146","11,334","1,946,286",249
South Sudan,,Africa,"1,693",,27 ,,49,,"1,617",,151,2,"3,356",300,"11,187,215","6,608","414,341","3,333"
Lithuania,,Europe,"1,768",+5,75 ,,"1,427",+11,266,17,649,28,"363,528","133,469","2,723,683","1,541","36,316",7
Mali,,Africa,"1,809",+33,104 ,,"1,088",+30,617,,89,5,"3,483",172,"20,216,492","11,176","194,389","5,804"
Iceland,,Europe,"1,810",+2,10 ,,"1,796",+2,4,,"5,306",29,"63,184","185,215","341,139",188,"34,114",5
Estonia,,Europe,"1,973",,69 ,,"1,705",,199,,"1,487",52,"95,997","72,369","1,326,496",672,"19,225",14
Maldives,,Asia,"2,013",,8 ,,"1,217",,788,9,"3,727",15,"28,940","53,588","540,042",268,"67,505",19
CAR,,Africa,"2,057",,7 ,,363,,"1,687",2,426,1,"18,921","3,921","4,825,349","2,346","689,336",255
Croatia,,Europe,"2,252",+1,107 ,,"2,134",,11,,548,26,"70,110","17,074","4,106,292","1,823","38,377",59
Cuba,,North America,"2,248",+10,84 ,,"1,948",+25,216,5,198,7,"133,763","11,809","11,326,915","5,039","134,844",85
Mayotte,,Africa,"2,282",,28 ,,"1,790",,464,12,"8,376",103,"8,800","32,300","272,445",119,"9,730",31
Thailand,,Asia,"3,135",+1,58 ,,"2,987",,90,1,45,0.8,"468,175","6,708","69,792,125","22,262","1,203,313",149
Somalia,,Africa,"2,618",+39,88 ,+1,577,+18,"1,953",2,165,6,,,"15,867,340","6,061","180,311",
Kyrgyzstan,,Asia,"2,285",+78,27 ,,"1,791",+69,467,11,351,4,"150,612","23,105","6,518,583","2,853","241,429",43
Greece,,Europe,"3,121",+9,183 ,,"1,374",,"1,564",13,299,18,"250,923","24,069","10,425,147","3,340","56,968",42
Bosnia and Herzegovina,,Europe,"2,893",,163 ,,"2,119",,611,4,882,50,"75,171","22,906","3,281,645","1,134","20,133",44
Venezuela,,South America,"2,904",,24 ,,487,,"2,393",1,102,0.8,"1,066,791","37,511","28,439,335","9,793","1,184,972",27
Ethiopia,,Africa,"3,345",+179,57 ,+2,545,+50,"2,743",30,29,0.5,"181,349","1,580","114,802,321","34,321","2,014,076",633
Kenya,,Africa,"3,594",+137,103 ,+3,"1,253",+32,"2,238",7,67,2,"112,171","2,089","53,706,004","14,943","521,418",479
Bulgaria,,Europe,"3,266",,172 ,,"1,723",,"1,371",16,470,25,"103,077","14,830","6,950,527","2,128","40,410",67
Gabon,,Africa,"3,463",,23 ,,"1,024",,"2,416",17,"1,558",10,"19,517","8,780","2,222,794",642,"96,643",114
El Salvador,,North America,"3,720",+117,72 ,,"1,837",+99,"1,811",137,574,11,"123,360","19,023","6,484,695","1,743","90,065",53
North Macedonia,,Europe,"4,057",+162,188 ,+9,"1,710",+5,"2,159",34,"1,947",90,"42,262","20,285","2,083,378",514,"11,082",49
Hungary,,Europe,"4,069",+5,562 ,+3,"2,482",+6,"1,025",20,421,58,"233,742","24,193","9,661,388","2,374","17,191",41
Luxembourg,,Europe,"4,070",+7,110 ,,"3,929",+7,31,,"6,507",176,"106,604","170,444","625,448",154,"5,686",6
Haiti,,North America,"4,165",+224,70 ,+6,24,,"4,071",,365,6,"8,488",745,"11,395,599","2,736","162,794","1,343"
Djibouti,,Africa,"4,465",+16,43 ,+2,"2,950",+127,"1,472",,"4,523",44,"40,855","41,382","987,266",221,"22,960",24
Guinea,,Africa,"4,484",,25 ,,"3,213",,"1,246",24,342,2,"14,407","1,099","13,112,156","2,924","524,486",910
DRC,,Africa,"4,778",+54,107 ,+1,600,+5,"4,071",,53,1,,,"89,398,642","18,710","835,501",
Ivory Coast,,Africa,"4,848",,45 ,,"2,397",,"2,406",,184,2,"35,935","1,364","26,341,285","5,433","585,362",733
Uzbekistan,,Asia,"5,051",+85,19 ,,"3,910",+36,"1,122",16,151,0.6,"748,555","22,382","33,444,432","6,621","1,760,233",45
Senegal,,Africa,"5,090",+94,60 ,,"3,344",+116,"1,686",23,304,4,"59,008","3,529","16,718,552","3,285","278,643",283
Nepal,,Asia,"5,760",+425,19 ,+1,974,+61,"4,767",,198,0.7,"344,098","11,821","29,109,067","5,054","1,532,056",85
Sudan,,Africa,"7,007",,447 ,,"2,556",,"4,004",,160,10,401,9,"43,792,082","6,250","97,969","109,207"
Finland,,Europe,"7,104",+17,326 ,+1,"6,200",,578,1,"1,282",59,"219,500","39,619","5,540,338",780,"16,995",25
Norway,,Europe,"8,629",+1,242 ,,"8,138",,249,5,"1,592",45,"277,253","51,161","5,419,225",628,"22,393",20
Australia,,Australia/Oceania,"7,320",+18,102 ,,"6,838",+26,380,3,287,4,"1,812,353","71,114","25,485,226","3,482","249,855",14
Malaysia,,Asia,"8,453",+8,121 ,+1,"7,346",+35,986,4,261,4,"618,360","19,118","32,345,191","3,826","267,316",52
Honduras,,North America,"8,455",+323,310 ,+4,894,+50,"7,251",13,854,31,"21,540","2,177","9,896,444","1,170","31,924",459
Tajikistan,,Asia,"5,035",+64,50 ,,"3,409",+121,"1,576",,529,5,,,"9,525,785","1,892","190,516",
Cameroon,,Africa,"8,681",,212 ,,"4,836",,"3,633",28,327,8,,,"26,508,397","3,054","125,040",
Azerbaijan,,Asia,"9,957",+387,119 ,+4,"5,583",+274,"4,255",66,982,12,"362,654","35,783","10,134,773","1,018","85,166",28
Morocco,,Africa,"8,734",+42,212 ,,"7,725",+29,797,7,237,6,"406,994","11,033","36,888,828","4,224","174,004",91
Guatemala,,North America,"9,491",+509,367 ,+16,"1,804",+102,"7,320",5,530,21,"31,427","1,756","17,897,934","1,886","48,768",570
Czechia,,Europe,"9,999",+8,329 ,+1,"7,219",,"2,451",14,934,31,"496,417","46,359","10,708,097","1,071","32,547",22
Ghana,,Africa,"11,422",+304,51 ,+3,"4,156",+177,"7,215",4,368,2,"245,448","7,908","31,037,593","2,717","608,580",126
Denmark,,Europe,"12,193",+54,597 ,,"11,068",+33,528,11,"2,105",103,"799,876","138,117","5,791,277",475,"9,701",7
Algeria,,Africa,"10,919",+109,767 ,+7,"7,606",+186,"2,546",39,249,18,,,"43,809,098","4,012","57,117",
Moldova,,Europe,"11,740",+281,406 ,+8,"6,623",+202,"4,711",378,"2,910",101,"63,328","15,697","4,034,360",344,"9,937",64
S. Korea,,Asia,"12,085",+34,277 ,,"10,718",+27,"1,090",15,236,5,"1,100,328","21,463","51,267,244","4,242","185,080",47
Serbia,,Europe,"12,310",+59,254 ,+1,"11,511",+163,545,15,"1,409",29,"302,928","34,665","8,738,833",710,"34,405",29
Kazakhstan,,Asia,"14,496",+258,73 ,,"9,188",+359,"5,235",77,772,4,"1,135,407","60,505","18,765,538","1,295","257,062",17
Austria,,Europe,"17,109",+31,677 ,,"16,059",+47,373,12,"1,900",75,"524,840","58,290","9,004,010",526,"13,300",17
Bolivia,,South America,"17,842",+913,585 ,+26,"2,768",+337,"14,489",71,"1,530",50,"46,069","3,949","11,664,961",654,"19,940",253
Israel,,Asia,"19,008",+36,300 ,,"15,360",+3,"3,348",34,"2,067",33,"747,956","81,321","9,197,590 ",484,"30,659",12
Bahrain,,Asia,"18,227",+514,41 ,+4,"12,818",+627,"5,368",18,"10,735",24,"418,413","246,431","1,697,893",93,"41,412",4
Japan,,Asia,"17,382",,924 ,,"15,580",,878,76,137,7,"336,161","2,658","126,492,732","7,277","136,897",376
Armenia,,Asia,"16,667",+663,269 ,+5,"6,214",+133,"10,184",10,"5,625",91,"82,324","27,784","2,962,996",178,"11,015",36
Panama,,North America,"20,059",,429 ,,"13,759",,"5,871",96,"4,653",100,"89,736","20,814","4,311,253",215,"10,050",48
Iraq,,Asia,"20,209","+1,259",607 ,+58,"8,121",+606,"11,481",128,503,15,"369,870","9,207","40,172,534","1,988","66,182",109
Oman,,Asia,"23,481","+1,404",104 ,+5,"8,454",+924,"14,923",100,"4,605",20,"139,760","27,408","5,099,223",217,"49,031",36
Afghanistan,,Asia,"24,766",+664,471 ,+20,"4,725",+524,"19,570",19,637,12,"55,981","1,440","38,879,781","1,570","82,547",695
Dominican Republic,,North America,"22,962",+390,592 ,+15,"13,320",+236,"9,050",124,"2,118",55,"107,175","9,885","10,842,611",472,"18,315",101
Philippines,,Asia,"25,930",+538,"1,088 ",+14,"5,954",+248,"18,888",82,237,10,"506,626","4,626","109,507,509","4,223","100,650",216
Switzerland,,Europe,"31,117",+23,"1,938 ",,"28,800",,379,15,"3,597",224,"458,933","53,046","8,651,628",278,"4,464",19
Ukraine,,Europe,"31,154",+648,889 ,+9,"14,082",+106,"16,183",314,712,20,"489,334","11,186","43,744,419","1,404","49,206",89
Poland,,Europe,"29,392",+375,"1,247 ",+10,"14,226",+122,"13,919",83,777,33,"1,188,742","31,408","37,848,394","1,288","30,352",32
Ireland,,Europe,"25,295",,"1,705 ",,"22,698",,892,28,"5,126",345,"367,780","74,524","4,935,066",195,"2,894",13
Argentina,,South America,"30,295",,819 ,+4,"9,564",+481,"19,912",274,671,18,"234,370","5,188","45,175,755","1,491","55,160",193
Romania,,Europe,"21,999",+320,"1,410 ",+16,"15,719",+84,"4,870",165,"1,143",73,"560,596","29,133","19,242,854",875,"13,647",34
Kuwait,,Asia,"35,920",+454,296 ,+7,"26,759",+877,"8,865",171,"8,417",69,"334,612","78,412","4,267,336",119,"14,417",13
Portugal,,Europe,"36,690",+227,"1,517 ",+5,"22,669",+231,"12,504",73,"3,598",149,"975,737","95,680","10,197,961",278,"6,722",10
Indonesia,,Asia,"38,277",+857,"2,134 ",+43,"14,531",+755,"21,612",,140,8,"514,287","1,881","273,381,886","7,142","128,108",532
Ecuador,,South America,"46,356",,"3,874 ",,"22,865",,"19,617",219,"2,629",220,"134,141","7,609","17,629,274",380,"4,551",131
UAE,,Asia,"42,294",+304,289 ,+1,"27,462",+701,"14,543",1,"4,279",29,"2,626,000","265,670","9,884,452",234,"34,202",4
Netherlands,,Europe,"48,783",+143,"6,059 ",+2,N/A,N/A,N/A,77,"2,847",354,"455,067","26,561","17,133,178",351,"2,828",38
Egypt,,Africa,"42,980",,"1,484 ",,"11,529",,"29,967",41,420,15,"135,000","1,321","102,231,323","2,379","68,889",757
Sweden,,Europe,"51,614",+38,"4,874 ",,N/A,N/A,N/A,272,"5,112",483,"325,000","32,190","10,096,321",196,"2,071",31
Colombia,,South America,"48,746",,"1,592 ",,"19,426",,"27,728",335,959,31,"482,832","9,494","50,856,291","1,043","31,945",105
France,,Europe,"156,813",,"29,398 ",,"72,808",,"54,607",871,"2,403",450,"1,384,633","21,215","65,267,057",416,"2,220",47
Singapore,,Asia,"40,604",+407,26 ,,"29,589",+781,"10,989",2,"6,943",4,"488,695","83,564","5,848,152",144,"224,929",12
Belgium,,Europe,"60,029",+111,"9,655 ",+5,"16,589",+42,"33,785",82,"5,181",833,"1,024,302","88,399","11,587,314",193,"1,200",11
Belarus,,Europe,"53,973",+732,308 ,+5,"30,103",+992,"23,562",92,"5,712",33,"733,788","77,654","9,449,458",175,"30,680",13
Mexico,,North America,"142,690","+3,494","16,872 ",+424,"104,975","+3,208","20,843",378,"1,107",131,"401,755","3,118","128,866,423",903,"7,638",321
Chile,,South America,"167,355",,"3,101 ",,"137,296",,"26,958","1,656","8,758",162,"819,999","42,913","19,108,331",114,"6,162",23
Turkey,,Asia,"176,677",,"4,792 ",,"150,087",,"21,798",684,"2,096",57,"2,586,995","30,690","84,294,508",477,"17,591",33
Nigeria,,Africa,"15,682",,407 ,,"5,101",,"10,174",7,76,2,"90,464",439,"205,850,206","13,127","505,774","2,275"
